{
  "registers": {
    "squirtle": {
      "normal": {
        "isShiny": false,
        "status": "CAUGHT",
        "discoveredTimestamp": 1729392766334,
        "caughtTimestamp": 1729392766334
      }
    },
    "quilava": {
      "normal": {
        "isShiny": false,
        "status": "CAUGHT",
        "discoveredTimestamp": 1729393851201,
        "caughtTimestamp": 1729393851201
      }
    },
    "wartortle": {
      "normal": {
        "isShiny": false,
        "status": "CAUGHT",
        "discoveredTimestamp": 1729394770009,
        "caughtTimestamp": 1729394770009
      }
    },
    "sprigatito": {
      "normal": {
        "isShiny": false,
        "status": "CAUGHT",
        "discoveredTimestamp": 1729394954634,
        "caughtTimestamp": 1729394954634
      }
    }
  }
}