{
  "registers": {
    "bulbasaur": {
      "normal": {
        "isShiny": false,
        "status": "CAUGHT",
        "discoveredTimestamp": 1729389479123,
        "caughtTimestamp": 1729389479123
      }
    },
    "cyndaquil": {
      "normal": {
        "isShiny": false,
        "status": "CAUGHT",
        "discoveredTimestamp": 1729391473066,
        "caughtTimestamp": 1729391473066
      }
    },
    "squirtle": {
      "normal": {
        "isShiny": false,
        "status": "CAUGHT",
        "discoveredTimestamp": 1729391668786,
        "caughtTimestamp": 1729391668786
      }
    }
  }
}