{
  "registers": {
    "snivy": {
      "normal": {
        "isShiny": false,
        "status": "CAUGHT",
        "discoveredTimestamp": 1729429601772,
        "caughtTimestamp": 1729429601772
      }
    },
    "skorupi": {
      "normal": {
        "isShiny": false,
        "status": "CAUGHT",
        "discoveredTimestamp": 1729429824227,
        "caughtTimestamp": 1729429824227
      }
    },
    "wimpod": {
      "normal": {
        "isShiny": false,
        "status": "CAUGHT",
        "discoveredTimestamp": 1729429865973,
        "caughtTimestamp": 1729429865973
      }
    },
    "pineco": {
      "normal": {
        "isShiny": false,
        "status": "CAUGHT",
        "discoveredTimestamp": 1729429888522,
        "caughtTimestamp": 1729429888522
      }
    },
    "bulbasaur": {
      "normal": {
        "isShiny": false,
        "status": "CAUGHT",
        "discoveredTimestamp": 1729432786539,
        "caughtTimestamp": 1729432786539
      }
    },
    "ivysaur": {
      "normal": {
        "isShiny": false,
        "status": "CAUGHT",
        "discoveredTimestamp": 1729432884135,
        "caughtTimestamp": 1729432884135
      }
    },
    "venusaur": {
      "normal": {
        "isShiny": false,
        "status": "CAUGHT",
        "discoveredTimestamp": 1729432886195,
        "caughtTimestamp": 1729432886195
      }
    }
  }
}