{"stats":{"minecraft:used":{"minecraft:hay_block":1},"minecraft:picked_up":{"simplehats:hatbag_halloween":1,"minecraft:chicken":1,"simplehats:hatbag_rare":1,"minecraft:rotten_flesh":2,"simplehats:headbolts":1,"minecraft:hay_block":3},"minecraft:custom":{"minecraft:time_since_rest":29,"minecraft:crouch_one_cm":44,"minecraft:play_time":12897,"minecraft:sprint_one_cm":9950,"minecraft:walk_one_cm":17922,"minecraft:damage_taken":775,"minecraft:deaths":3,"minecraft:sneak_time":36,"minecraft:mob_kills":1,"minecraft:jump":59,"minecraft:damage_dealt":89,"minecraft:leave_game":5,"minecraft:time_since_death":0,"minecraft:sleep_in_bed":1,"minecraft:total_world_time":12897,"minecraft:fall_one_cm":1563,"minecraft:fly_one_cm":9455},"minecraft:killed_by":{"mca:female_villager":3},"minecraft:mined":{"minecraft:grass":2,"minecraft:hay_block":3,"cobblemon:pinap_berry":1,"cobblemon:oran_berry":1}},"DataVersion":3465}