{"stats":{"minecraft:custom":{"minecraft:jump":26,"minecraft:time_since_rest":3746,"minecraft:damage_dealt":20,"minecraft:crouch_one_cm":234,"minecraft:leave_game":1,"minecraft:sprint_one_cm":5616,"minecraft:play_time":3746,"minecraft:walk_on_water_one_cm":10,"minecraft:time_since_death":3746,"minecraft:walk_one_cm":6720,"minecraft:sneak_time":290,"minecraft:climb_one_cm":32,"minecraft:total_world_time":4388,"minecraft:fall_one_cm":209,"minecraft:fly_one_cm":90598},"minecraft:used":{"minecraft:andesite":3}},"DataVersion":3465}