{"stats":{"minecraft:picked_up":{"minecraft:blue_orchid":3,"minecraft:wheat_seeds":2,"minecraft:dirt":16},"minecraft:custom":{"minecraft:jump":90,"minecraft:time_since_rest":4759,"minecraft:leave_game":1,"minecraft:damage_dealt":30,"minecraft:crouch_one_cm":1445,"minecraft:sprint_one_cm":31420,"minecraft:play_time":22577,"minecraft:walk_on_water_one_cm":498,"minecraft:time_since_death":22577,"minecraft:walk_one_cm":34129,"minecraft:sleep_in_bed":1,"minecraft:sneak_time":1091,"minecraft:climb_one_cm":165,"minecraft:total_world_time":22983,"minecraft:walk_under_water_one_cm":1210,"minecraft:fly_one_cm":380481,"minecraft:open_barrel":2},"minecraft:used":{"minecraft:orange_bed":1}},"DataVersion":3465}