{"stats":{"minecraft:picked_up":{"minecraft:enchanted_golden_apple":1},"minecraft:dropped":{"minecraft:enchanted_golden_apple":1},"minecraft:custom":{"minecraft:jump":32,"minecraft:time_since_rest":8023,"minecraft:crouch_one_cm":42,"minecraft:leave_game":1,"minecraft:sprint_one_cm":3873,"minecraft:play_time":8023,"minecraft:damage_taken":30,"minecraft:time_since_death":8023,"minecraft:walk_one_cm":6896,"minecraft:sneak_time":292,"minecraft:total_world_time":8023,"minecraft:drop":1,"minecraft:fall_one_cm":566,"minecraft:fly_one_cm":152537}},"DataVersion":3465}