{"stats":{"minecraft:used":{"minecraft:melon_slice":7,"minecraft:stone_pickaxe":15,"minecraft:wooden_pickaxe":6,"minecraft:dirt":1,"minecraft:torch":3,"minecraft:wooden_sword":48,"minecraft:cobblestone":2,"minecraft:cooked_beef":1},"minecraft:dropped":{"minecraft:wheat_seeds":2,"minecraft:cobblestone":1},"minecraft:crafted":{"minecraft:wooden_sword":1,"minecraft:stick":8,"minecraft:wooden_pickaxe":1,"minecraft:stone_pickaxe":1,"minecraft:torch":8,"minecraft:jungle_planks":12},"minecraft:picked_up":{"minecraft:chicken":1,"minecraft:cooked_beef":2,"minecraft:ladder":1,"simplehats:hatbag_rare":1,"minecraft:jungle_log":3,"minecraft:leather":1,"minecraft:torch":1,"minecraft:porkchop":4,"minecraft:dirt":1,"minecraft:string":1,"minecraft:bone":2,"minecraft:rotten_flesh":2,"simplehats:rabi_en_rose":1,"minecraft:wheat_seeds":2,"minecraft:beef":3,"cobblemon:relic_coin":30,"minecraft:melon_slice":12,"minecraft:mutton":2,"minecraft:white_wool":1,"minecraft:coal":11,"minecraft:cobblestone":10},"minecraft:custom":{"minecraft:time_since_rest":10826,"minecraft:interact_with_furnace":1,"minecraft:sprint_one_cm":64724,"minecraft:damage_taken":280,"minecraft:walk_one_cm":45226,"minecraft:mob_kills":8,"minecraft:drop":3,"minecraft:damage_dealt":1545,"minecraft:swim_one_cm":5329,"minecraft:interact_with_crafting_table":4,"minecraft:fly_one_cm":132135,"minecraft:open_barrel":1,"minecraft:crouch_one_cm":8573,"minecraft:play_time":25056,"minecraft:deaths":1,"minecraft:sneak_time":2473,"minecraft:walk_under_water_one_cm":133,"minecraft:jump":533,"minecraft:walk_on_water_one_cm":2749,"minecraft:time_since_death":10803,"minecraft:total_world_time":25056,"minecraft:climb_one_cm":2569,"minecraft:fall_one_cm":13587},"minecraft:killed":{"minecraft:sheep":1,"minecraft:skeleton":1,"minecraft:pig":2,"minecraft:zombie":2,"minecraft:spider":1,"minecraft:cow":1},"minecraft:killed_by":{"minecraft:zombie":1},"minecraft:mined":{"minecraft:jungle_leaves":3,"minecraft:ladder":1,"minecraft:grass":9,"minecraft:coal_ore":11,"minecraft:vine":1,"minecraft:melon":2,"minecraft:jungle_log":3,"minecraft:cobblestone":1,"minecraft:stone":8,"minecraft:oak_leaves":2,"cobblemon:relic_coin_pouch":5,"minecraft:fern":1}},"DataVersion":3465}