{"stats":{"minecraft:used":{"minecraft:wooden_sword":10,"minecraft:melon_slice":4,"minecraft:wooden_pickaxe":6},"minecraft:crafted":{"minecraft:wooden_sword":1,"minecraft:stick":4,"minecraft:wooden_pickaxe":1,"minecraft:jungle_planks":12},"minecraft:dropped":{"minecraft:cobblestone":1,"minecraft:wheat_seeds":2},"minecraft:picked_up":{"simplehats:hatbag_rare":1,"minecraft:jungle_log":3,"minecraft:wheat_seeds":2,"minecraft:melon_slice":12,"minecraft:string":1,"minecraft:cobblestone":7},"minecraft:custom":{"minecraft:time_since_rest":13056,"minecraft:interact_with_furnace":1,"minecraft:crouch_one_cm":5874,"minecraft:play_time":13056,"minecraft:sprint_one_cm":22159,"minecraft:damage_taken":160,"minecraft:walk_one_cm":17736,"minecraft:sneak_time":1641,"minecraft:mob_kills":1,"minecraft:drop":3,"minecraft:jump":170,"minecraft:damage_dealt":464,"minecraft:time_since_death":13056,"minecraft:climb_one_cm":0,"minecraft:total_world_time":13056,"minecraft:interact_with_crafting_table":2,"minecraft:fall_one_cm":4320,"minecraft:fly_one_cm":37645},"minecraft:killed":{"minecraft:spider":1},"minecraft:mined":{"minecraft:grass":4,"minecraft:melon":2,"minecraft:vine":1,"minecraft:jungle_log":3,"minecraft:jungle_leaves":3,"minecraft:stone":6,"minecraft:oak_leaves":2}},"DataVersion":3465}