{"stats":{"minecraft:killed":{"minecraft:skeleton":1},"minecraft:mined":{"minecraft:tall_grass":2,"cobblemon:blue_mint":2,"minecraft:peony":1},"minecraft:used":{"minecraft:peony":1},"minecraft:picked_up":{"minecraft:arrow":2,"cobblemon:blue_mint_seeds":2,"minecraft:bone":2,"cobblemon:blue_mint_leaf":3,"minecraft:peony":1,"simplehats:finnhood":1,"simplehats:hatbag_uncommon":1},"minecraft:custom":{"minecraft:time_since_rest":2862,"minecraft:crouch_one_cm":64,"minecraft:play_time":2862,"minecraft:sprint_one_cm":9447,"minecraft:damage_taken":145,"minecraft:walk_one_cm":9625,"minecraft:sneak_time":4,"minecraft:mob_kills":1,"minecraft:jump":68,"minecraft:damage_dealt":92,"minecraft:time_since_death":2862,"minecraft:total_world_time":2862,"minecraft:fly_one_cm":15766,"minecraft:fall_one_cm":2761}},"DataVersion":3465}