{"stats":{"minecraft:used":{"minecraft:melon_slice":7,"minecraft:stone_pickaxe":17,"minecraft:wooden_pickaxe":6,"alekiships:watercraft_frame_angled":3,"minecraft:dirt":1,"minecraft:torch":3,"minecraft:wooden_sword":55,"minecraft:cobblestone":2,"minecraft:cooked_beef":2},"minecraft:dropped":{"minecraft:wheat_seeds":2,"minecraft:cobblestone":1},"minecraft:crafted":{"minecraft:wooden_sword":1,"minecraft:stick":8,"minecraft:wooden_pickaxe":1,"minecraft:stone_pickaxe":1,"minecraft:torch":8,"minecraft:jungle_planks":12},"minecraft:broken":{"minecraft:wooden_sword":1},"minecraft:picked_up":{"minecraft:scaffolding":7,"alekiships:watercraft_frame_flat":6,"minecraft:chicken":1,"minecraft:cooked_beef":2,"minecraft:ladder":1,"simplehats:hatbag_rare":2,"minecraft:jungle_log":3,"minecraft:leather":1,"minecraft:torch":1,"minecraft:porkchop":4,"minecraft:arrow":3,"minecraft:dirt":1,"minecraft:string":1,"alekiships:watercraft_frame_angled":21,"minecraft:bone":4,"minecraft:rotten_flesh":2,"simplehats:rabi_en_rose":1,"minecraft:wheat_seeds":2,"waystones:waystone":1,"minecraft:spruce_planks":60,"minecraft:beef":3,"cobblemon:relic_coin":30,"alekiships:cleat":2,"minecraft:melon_slice":12,"minecraft:mutton":3,"minecraft:white_wool":2,"minecraft:coal":11,"minecraft:cobblestone":10},"minecraft:custom":{"minecraft:time_since_rest":80,"minecraft:interact_with_furnace":1,"minecraft:sprint_one_cm":112192,"minecraft:damage_taken":495,"minecraft:walk_one_cm":70495,"minecraft:mob_kills":10,"minecraft:drop":3,"minecraft:damage_dealt":1863,"minecraft:swim_one_cm":7738,"minecraft:interact_with_crafting_table":4,"minecraft:fly_one_cm":257982,"minecraft:open_barrel":6,"minecraft:open_chest":1,"minecraft:crouch_one_cm":8573,"minecraft:play_time":37056,"minecraft:deaths":2,"minecraft:sneak_time":2473,"minecraft:walk_under_water_one_cm":193,"minecraft:jump":956,"minecraft:walk_on_water_one_cm":2982,"minecraft:time_since_death":0,"minecraft:total_world_time":37056,"minecraft:climb_one_cm":2569,"minecraft:fall_one_cm":26022},"minecraft:killed":{"minecraft:sheep":2,"minecraft:skeleton":2,"minecraft:pig":2,"minecraft:zombie":2,"minecraft:spider":1,"minecraft:cow":1},"minecraft:killed_by":{"minecraft:zombie":1},"minecraft:mined":{"alekiships:watercraft_frame_angled":2,"minecraft:jungle_leaves":3,"minecraft:ladder":1,"minecraft:grass":15,"minecraft:coal_ore":11,"minecraft:vine":1,"minecraft:melon":2,"minecraft:jungle_log":3,"minecraft:cobblestone":1,"minecraft:stone":8,"minecraft:oak_leaves":2,"cobblemon:relic_coin_pouch":5,"minecraft:fern":3}},"DataVersion":3465}