{"stats":{"minecraft:mined":{"minecraft:pink_petals":2,"minecraft:grass":2},"minecraft:dropped":{"minecraft:wheat_seeds":1},"minecraft:picked_up":{"minecraft:pink_petals":6,"minecraft:wheat_seeds":1},"minecraft:custom":{"minecraft:jump":15,"minecraft:time_since_rest":3909,"minecraft:crouch_one_cm":10,"minecraft:leave_game":1,"minecraft:sprint_one_cm":2254,"minecraft:play_time":3909,"minecraft:damage_taken":10,"minecraft:time_since_death":3909,"minecraft:walk_one_cm":5898,"minecraft:sneak_time":7,"minecraft:total_world_time":3909,"minecraft:drop":1,"minecraft:fall_one_cm":1022,"minecraft:fly_one_cm":3346}},"DataVersion":3465}