{"stats":{"minecraft:used":{"minecraft:chicken":1,"minecraft:stone_pickaxe":46,"minecraft:wooden_pickaxe":8,"minecraft:stone_axe":16,"minecraft:crafting_table":2,"minecraft:furnace":1,"minecraft:cooked_beef":2},"minecraft:dropped":{"minecraft:wheat_seeds":1},"minecraft:crafted":{"minecraft:cooked_beef":7,"minecraft:crafting_table":1,"minecraft:stick":12,"minecraft:wooden_pickaxe":1,"minecraft:stone_pickaxe":1,"minecraft:furnace":1,"minecraft:torch":4,"minecraft:stone_axe":1,"minecraft:air":0,"minecraft:jungle_planks":24},"minecraft:picked_up":{"minecraft:crafting_table":1,"minecraft:air":0,"minecraft:feather":2,"minecraft:chicken":1,"minecraft:jungle_log":6,"minecraft:leather":3,"cobblemon:pink_apricorn":4,"travelersbackpack:emerald":1,"minecraft:dirt":12,"minecraft:bone":1,"minecraft:rotten_flesh":1,"minecraft:wheat_seeds":1,"cobblemon:green_apricorn":1,"minecraft:beef":8,"minecraft:coal":7,"cobblemon:blue_apricorn":3,"minecraft:cobblestone":45},"minecraft:custom":{"minecraft:time_since_rest":10210,"minecraft:interact_with_furnace":8,"minecraft:sprint_one_cm":22545,"minecraft:damage_taken":121,"minecraft:walk_one_cm":22737,"minecraft:mob_kills":8,"minecraft:drop":1,"minecraft:damage_dealt":858,"minecraft:interact_with_crafting_table":5,"minecraft:fly_one_cm":46135,"minecraft:crouch_one_cm":1262,"minecraft:play_time":10210,"minecraft:sneak_time":472,"minecraft:jump":223,"minecraft:time_since_death":10210,"minecraft:climb_one_cm":529,"minecraft:total_world_time":10210,"minecraft:fall_one_cm":5979},"minecraft:killed":{"minecraft:skeleton":1,"minecraft:zombie":2,"minecraft:chicken":1,"minecraft:cow":4},"minecraft:mined":{"minecraft:crafting_table":1,"minecraft:grass":2,"minecraft:grass_block":3,"minecraft:coal_ore":8,"minecraft:vine":1,"minecraft:jungle_log":6,"minecraft:dirt":9,"minecraft:tall_grass":3,"minecraft:stone":45,"minecraft:fern":3}},"DataVersion":3465}