{"stats":{"minecraft:used":{"minecraft:stone_pickaxe":70,"minecraft:wooden_pickaxe":8,"minecraft:torch":1,"minecraft:dirt":2,"minecraft:crafting_table":2,"minecraft:chicken":1,"minecraft:stone_axe":38,"minecraft:furnace":1,"minecraft:cooked_beef":4},"minecraft:dropped":{"minecraft:stone_axe":1,"minecraft:wheat_seeds":1,"minecraft:cooked_beef":2,"minecraft:feather":3,"minecraft:rotten_flesh":4,"minecraft:flint":1,"minecraft:wooden_pickaxe":1,"minecraft:bone":1},"minecraft:crafted":{"minecraft:cooked_beef":8,"minecraft:crafting_table":1,"minecraft:wooden_pickaxe":1,"minecraft:furnace":1,"minecraft:stone_axe":1,"minecraft:air":0,"minecraft:jungle_planks":24,"minecraft:stick":12,"minecraft:stone_pickaxe":1,"minecraft:torch":4},"minecraft:custom":{"minecraft:interact_with_furnace":9,"minecraft:mob_kills":20,"minecraft:interact_with_crafting_table":5,"minecraft:open_barrel":2,"minecraft:time_since_death":22210,"minecraft:climb_one_cm":2560,"minecraft:time_since_rest":22210,"minecraft:sprint_one_cm":64148,"minecraft:damage_taken":166,"minecraft:walk_one_cm":44430,"minecraft:drop":10,"minecraft:damage_dealt":1994,"minecraft:swim_one_cm":6348,"minecraft:fly_one_cm":138115,"minecraft:crouch_one_cm":2281,"minecraft:play_time":22210,"minecraft:sneak_time":926,"minecraft:walk_under_water_one_cm":125,"minecraft:jump":602,"minecraft:walk_on_water_one_cm":1108,"minecraft:total_world_time":22210,"minecraft:fall_one_cm":15931},"minecraft:picked_up":{"minecraft:crafting_table":1,"minecraft:air":0,"minecraft:feather":6,"minecraft:chicken":3,"minecraft:jungle_log":6,"minecraft:leather":6,"minecraft:flint":1,"travelersbackpack:emerald":1,"minecraft:dirt":12,"minecraft:bone":1,"minecraft:wheat_seeds":1,"cobblemon:green_apricorn":1,"minecraft:beef":13,"minecraft:melon_slice":5,"minecraft:furnace":1,"minecraft:raw_iron":10,"minecraft:porkchop":3,"cobblemon:pink_apricorn":4,"minecraft:arrow":2,"minecraft:rotten_flesh":4,"minecraft:stone_axe":1,"cobblemon:rindo_berry":1,"minecraft:mutton":4,"cobblemon:blue_apricorn":3,"minecraft:coal":11,"minecraft:white_wool":2,"minecraft:cobblestone":52},"minecraft:killed":{"minecraft:pig":1,"cobblemon:pokemon":1,"minecraft:sheep":2,"minecraft:skeleton":1,"minecraft:zombie":3,"minecraft:chicken":4,"minecraft:cow":7},"minecraft:mined":{"minecraft:crafting_table":1,"minecraft:grass_block":3,"minecraft:melon":1,"minecraft:jungle_log":6,"minecraft:tall_grass":3,"minecraft:wall_torch":1,"minecraft:furnace":1,"minecraft:iron_ore":10,"minecraft:grass":4,"minecraft:coal_ore":12,"minecraft:vine":1,"minecraft:dirt":11,"minecraft:stone":52,"minecraft:fern":3}},"DataVersion":3465}