{"stats":{"minecraft:used":{"minecraft:stone_pickaxe":73,"minecraft:wooden_pickaxe":8,"minecraft:torch":3,"minecraft:dirt":2,"minecraft:crafting_table":2,"minecraft:chicken":1,"minecraft:bread":3,"minecraft:stone_axe":71,"minecraft:furnace":1,"minecraft:cooked_beef":6,"minecraft:brown_bed":1},"minecraft:dropped":{"minecraft:stone_axe":1,"minecraft:wheat_seeds":1,"minecraft:cooked_beef":2,"minecraft:feather":6,"minecraft:rotten_flesh":4,"minecraft:flint":2,"minecraft:arrow":2,"minecraft:wooden_pickaxe":1,"minecraft:bone":1},"minecraft:crafted":{"minecraft:cooked_beef":8,"minecraft:crafting_table":1,"minecraft:wooden_pickaxe":1,"minecraft:furnace":1,"minecraft:stone_axe":1,"minecraft:air":0,"minecraft:jungle_planks":24,"minecraft:stick":12,"minecraft:stone_pickaxe":1,"minecraft:torch":4},"minecraft:broken":{"minecraft:stone_axe":1},"minecraft:custom":{"minecraft:interact_with_furnace":9,"minecraft:mob_kills":33,"minecraft:interact_with_crafting_table":5,"minecraft:open_barrel":6,"minecraft:time_since_death":4813,"minecraft:sleep_in_bed":1,"minecraft:climb_one_cm":3142,"minecraft:time_since_rest":4845,"minecraft:sprint_one_cm":111849,"minecraft:damage_taken":594,"minecraft:walk_one_cm":71011,"minecraft:drop":13,"minecraft:damage_dealt":4302,"minecraft:swim_one_cm":9727,"minecraft:fly_one_cm":282560,"minecraft:open_chest":1,"minecraft:crouch_one_cm":2367,"minecraft:play_time":34210,"minecraft:deaths":1,"minecraft:sneak_time":997,"minecraft:walk_under_water_one_cm":574,"minecraft:jump":1117,"minecraft:walk_on_water_one_cm":1820,"minecraft:total_world_time":34210,"minecraft:fall_one_cm":33882},"minecraft:picked_up":{"minecraft:crafting_table":1,"minecraft:air":0,"minecraft:feather":6,"minecraft:chicken":3,"minecraft:jungle_log":6,"minecraft:leather":8,"minecraft:brown_bed":2,"minecraft:flint":2,"travelersbackpack:emerald":1,"minecraft:dirt":12,"minecraft:bone":3,"minecraft:wheat_seeds":1,"cobblemon:green_apricorn":1,"minecraft:beef":17,"minecraft:melon_slice":5,"minecraft:furnace":1,"minecraft:raw_iron":10,"minecraft:torch":1,"minecraft:porkchop":7,"minecraft:blast_furnace":1,"cobblemon:pink_apricorn":4,"minecraft:arrow":4,"minecraft:rotten_flesh":4,"minecraft:stone_axe":1,"cobblemon:rindo_berry":1,"minecraft:mutton":13,"cobblemon:blue_apricorn":3,"minecraft:coal":11,"minecraft:white_wool":8,"minecraft:cobblestone":52},"minecraft:killed":{"minecraft:pig":3,"cobblemon:pokemon":2,"minecraft:sheep":8,"minecraft:skeleton":3,"minecraft:zombie":3,"minecraft:chicken":4,"minecraft:cow":9},"minecraft:killed_by":{"cobblemon:pokemon":1},"minecraft:mined":{"minecraft:scaffolding":3,"minecraft:glass_pane":1,"alekiships:watercraft_frame_flat":3,"alekiships:wood/watercraft_frame/angled/spruce":14,"minecraft:crafting_table":1,"minecraft:torch":1,"minecraft:blast_furnace":1,"minecraft:grass_block":3,"minecraft:melon":1,"minecraft:jungle_log":6,"minecraft:tall_grass":3,"minecraft:wall_torch":1,"alekiships:watercraft_frame_angled":5,"minecraft:furnace":1,"minecraft:iron_ore":10,"minecraft:brown_bed":2,"minecraft:grass":6,"minecraft:coal_ore":12,"minecraft:vine":1,"minecraft:dirt":11,"alekiships:wood/watercraft_frame/flat/spruce":3,"minecraft:stone":52,"minecraft:fern":4}},"DataVersion":3465}