{"stats":{"minecraft:used":{"minecraft:stone_pickaxe":84,"minecraft:wooden_pickaxe":8,"minecraft:torch":4,"minecraft:dirt":2,"minecraft:crafting_table":3,"minecraft:chicken":1,"minecraft:bread":9,"minecraft:stone_axe":82,"minecraft:cobblestone":1,"minecraft:furnace":1,"minecraft:egg":1,"minecraft:cooked_beef":6,"minecraft:brown_bed":2},"minecraft:dropped":{"minecraft:stone_axe":1,"minecraft:wheat_seeds":1,"minecraft:cooked_beef":2,"minecraft:wheat":3,"minecraft:feather":6,"minecraft:rotten_flesh":4,"minecraft:red_carpet":3,"minecraft:flint":2,"minecraft:arrow":2,"minecraft:wooden_pickaxe":1,"minecraft:bone":1},"minecraft:crafted":{"minecraft:cooked_beef":8,"minecraft:oak_planks":20,"minecraft:crafting_table":2,"minecraft:wooden_pickaxe":1,"minecraft:furnace":1,"minecraft:stone_axe":1,"minecraft:bread":36,"minecraft:air":0,"minecraft:jungle_planks":24,"minecraft:stick":12,"minecraft:stone_pickaxe":1,"minecraft:torch":4,"minecraft:wheat":108},"minecraft:broken":{"minecraft:stone_axe":1},"minecraft:custom":{"minecraft:interact_with_furnace":9,"minecraft:mob_kills":35,"minecraft:interact_with_crafting_table":6,"minecraft:open_barrel":18,"minecraft:leave_game":1,"minecraft:time_since_death":18274,"minecraft:sleep_in_bed":2,"minecraft:climb_one_cm":3142,"minecraft:time_since_rest":11577,"minecraft:sprint_one_cm":177436,"minecraft:damage_taken":824,"minecraft:walk_one_cm":89483,"minecraft:drop":15,"minecraft:damage_dealt":4582,"minecraft:swim_one_cm":18871,"minecraft:fly_one_cm":424983,"minecraft:open_chest":2,"minecraft:crouch_one_cm":2788,"minecraft:play_time":47671,"minecraft:deaths":1,"minecraft:sneak_time":1105,"minecraft:walk_under_water_one_cm":1320,"minecraft:jump":1691,"minecraft:walk_on_water_one_cm":3592,"minecraft:total_world_time":47671,"minecraft:fall_one_cm":56184},"minecraft:picked_up":{"minecraft:crafting_table":2,"minecraft:wheat":3,"minecraft:air":0,"minecraft:feather":6,"minecraft:chicken":3,"minecraft:jungle_log":6,"minecraft:leather":8,"minecraft:pink_wool":1,"minecraft:brown_bed":3,"minecraft:flint":2,"minecraft:stone_brick_stairs":4,"minecraft:oak_log":5,"travelersbackpack:emerald":1,"minecraft:dirt":12,"minecraft:red_carpet":3,"minecraft:bone":3,"minecraft:wheat_seeds":1,"cobblemon:green_apricorn":1,"minecraft:beef":17,"minecraft:melon_slice":5,"minecraft:egg":1,"minecraft:furnace":1,"minecraft:raw_iron":10,"minecraft:oak_fence":1,"minecraft:torch":1,"minecraft:porkchop":7,"minecraft:blast_furnace":1,"cobblemon:pink_apricorn":4,"minecraft:arrow":4,"minecraft:rotten_flesh":4,"minecraft:stone_axe":1,"minecraft:hay_block":12,"cobblemon:rindo_berry":1,"minecraft:iron_bars":2,"minecraft:mutton":14,"cobblemon:blue_apricorn":3,"minecraft:coal":11,"minecraft:white_wool":8,"minecraft:cobblestone":53},"minecraft:killed":{"minecraft:pig":3,"cobblemon:pokemon":2,"minecraft:sheep":9,"minecraft:skeleton":4,"minecraft:zombie":3,"minecraft:chicken":4,"minecraft:cow":9},"minecraft:killed_by":{"cobblemon:pokemon":1},"minecraft:mined":{"minecraft:red_carpet":3,"minecraft:scaffolding":3,"minecraft:glass_pane":1,"alekiships:watercraft_frame_flat":3,"alekiships:wood/watercraft_frame/angled/spruce":14,"minecraft:oak_fence":1,"minecraft:crafting_table":2,"minecraft:torch":1,"minecraft:blast_furnace":1,"minecraft:grass_block":3,"minecraft:melon":1,"minecraft:jungle_log":6,"minecraft:tall_grass":3,"minecraft:cobblestone":2,"minecraft:wall_torch":1,"alekiships:watercraft_frame_angled":5,"minecraft:hay_block":12,"minecraft:furnace":1,"minecraft:iron_ore":10,"minecraft:stone_brick_stairs":4,"minecraft:brown_bed":3,"minecraft:grass":10,"minecraft:oak_log":5,"minecraft:coal_ore":12,"minecraft:vine":1,"minecraft:iron_bars":2,"minecraft:dirt":11,"alekiships:wood/watercraft_frame/flat/spruce":3,"minecraft:stone":52,"minecraft:oak_leaves":1,"minecraft:fern":4}},"DataVersion":3465}