{
  "uuid": "378d0371-1f6d-44e7-a8fb-d046bc6f61f9",
  "starterPrompted": true,
  "starterLocked": false,
  "starterSelected": true,
  "starterUUID": "75c01882-4ddb-4f57-9a05-beddb1396cd6",
  "keyItems": [],
  "battleTheme": "cobblemon:battle.pvp.default",
  "extraData": {
    "cobbledex_discovery": {
      "registers": {
        "snivy": {
          "normal": {
            "isShiny": false,
            "status": "CAUGHT",
            "discoveredTimestamp": 1729429601768,
            "caughtTimestamp": 1729429601768
          }
        },
        "skorupi": {
          "normal": {
            "isShiny": false,
            "status": "CAUGHT",
            "discoveredTimestamp": 1729429824225,
            "caughtTimestamp": 1729429824225
          }
        },
        "wimpod": {
          "normal": {
            "isShiny": false,
            "status": "CAUGHT",
            "discoveredTimestamp": 1729429865972,
            "caughtTimestamp": 1729429865972
          }
        },
        "pineco": {
          "normal": {
            "isShiny": false,
            "status": "CAUGHT",
            "discoveredTimestamp": 1729429888522,
            "caughtTimestamp": 1729429888522
          }
        }
      },
      "name": "cobbledex_discovery"
    },
    "Cobbledex_RewardHistory": {
      "received": [],
      "name": "Cobbledex_RewardHistory"
    }
  },
  "advancementData": {
    "totalCaptureCount": 3,
    "totalEggsHatched": 0,
    "totalEvolvedCount": 0,
    "totalBattleVictoryCount": 5,
    "totalPvPBattleVictoryCount": 0,
    "totalPvWBattleVictoryCount": 2,
    "totalPvNBattleVictoryCount": 3,
    "totalShinyCaptureCount": 0,
    "totalTradedCount": 0,
    "totalTypeCaptureCounts": {
      "poison": 1,
      "bug": 3,
      "water": 1
    },
    "totalDefeatedCounts": {
      "cobblemon:serperior": 1
    },
    "aspectsCollected": {}
  }
}