{
  "naturescompass:natures_compass": {
    "criteria": {
      "has_recipe": "2024-10-20 15:05:40 +0200"
    },
    "done": true
  },
  "cobblemon:root": {
    "criteria": {
      "picked_starter": "2024-10-20 15:06:41 +0200"
    },
    "done": true
  },
  "naturescompass:natures_compass_sapling": {
    "criteria": {
      "has_recipe": "2024-10-20 15:05:40 +0200"
    },
    "done": true
  },
  "megamons:grant_megamons_guide": {
    "criteria": {
      "tick": "2024-10-20 15:06:41 +0200"
    },
    "done": true
  },
  "cobblepedia:recipes/cobblepedia": {
    "criteria": {
      "has_recipe": "2024-10-20 15:05:40 +0200"
    },
    "done": true
  },
  "minecraft:adventure/sleep_in_bed": {
    "criteria": {
      "slept_in_bed": "2024-10-20 15:21:01 +0200"
    },
    "done": true
  },
  "cobblemon:craft_all_balls": {
    "criteria": {
      "poke_ball": "2024-10-20 15:20:09 +0200",
      "friend_ball": "2024-10-20 15:20:09 +0200",
      "master_ball": "2024-10-20 15:10:12 +0200"
    },
    "done": false
  },
  "mca:root": {
    "criteria": {
      "village_plains": "2024-10-20 15:13:52 +0200"
    },
    "done": true
  },
  "travelersbackpack:standard_from_custom": {
    "criteria": {
      "has_the_recipe": "2024-10-20 15:05:40 +0200"
    },
    "done": true
  },
  "mca:recipes/building_blocks/headstones": {
    "criteria": {
      "has_the_cross_recipe": "2024-10-20 15:05:40 +0200"
    },
    "done": true
  },
  "legends_untold:sky_pillar": {
    "criteria": {
      "sky_pillar": "2024-10-20 15:14:29 +0200"
    },
    "done": true
  },
  "cobblemon:healing_machine": {
    "criteria": {
      "use_healing_machine": "2024-10-20 15:22:58 +0200"
    },
    "done": true
  },
  "mca:recipes/misc/bouquet": {
    "criteria": {
      "has_item": "2024-10-20 15:12:12 +0200"
    },
    "done": true
  },
  "cobblemon:craft_poke_ball": {
    "criteria": {
      "requirement": "2024-10-20 15:10:12 +0200"
    },
    "done": true
  },
  "cobblemon:craft_apricorn_balls": {
    "criteria": {
      "friend_ball": "2024-10-20 15:20:09 +0200"
    },
    "done": false
  },
  "minecraft:adventure/adventuring_time": {
    "criteria": {
      "minecraft:taiga": "2024-10-20 15:06:07 +0200",
      "minecraft:cherry_grove": "2024-10-20 15:14:00 +0200",
      "minecraft:beach": "2024-10-20 15:06:08 +0200",
      "minecraft:river": "2024-10-20 15:15:40 +0200",
      "minecraft:dripstone_caves": "2024-10-20 15:13:32 +0200",
      "minecraft:swamp": "2024-10-20 15:05:51 +0200",
      "minecraft:jagged_peaks": "2024-10-20 15:14:20 +0200",
      "minecraft:cold_ocean": "2024-10-20 15:12:44 +0200",
      "minecraft:forest": "2024-10-20 15:12:45 +0200",
      "minecraft:meadow": "2024-10-20 15:13:41 +0200"
    },
    "done": false
  },
  "cobblemon:craft_base_balls": {
    "criteria": {
      "poke_ball": "2024-10-20 15:20:09 +0200"
    },
    "done": false
  },
  "legends_untold:find_legendary": {
    "criteria": {
      "sky_pillar": "2024-10-20 15:14:29 +0200"
    },
    "done": true
  },
  "cobblemon:brew_all": {
    "criteria": {
      "obtain_potion": "2024-10-20 15:20:09 +0200"
    },
    "done": false
  },
  "farmersdelight:main/root": {
    "criteria": {
      "seeds": "2024-10-20 15:06:41 +0200"
    },
    "done": true
  },
  "cobblemon:first_catch": {
    "criteria": {
      "catch": "2024-10-20 15:10:24 +0200"
    },
    "done": true
  },
  "create:root": {
    "criteria": {
      "0": "2024-10-20 15:06:41 +0200"
    },
    "done": true
  },
  "naturescompass:natures_compass_log": {
    "criteria": {
      "has_recipe": "2024-10-20 15:05:40 +0200"
    },
    "done": true
  },
  "cobblepedia:grant_cobblepedia": {
    "criteria": {
      "picked_starter": "2024-10-20 15:06:41 +0200"
    },
    "done": true
  },
  "cobblemon:use_candy": {
    "criteria": {
      "use_rare_candy": "2024-10-20 15:06:50 +0200"
    },
    "done": true
  },
  "ironfurnaces:coal": {
    "criteria": {
      "rainbowcoal": "2024-10-20 15:06:41 +0200"
    },
    "done": true
  },
  "cobblemon:brew_potion": {
    "criteria": {
      "check_inv": "2024-10-20 15:20:09 +0200"
    },
    "done": true
  },
  "DataVersion": 3465
}