{
  "naturescompass:natures_compass": {
    "criteria": {
      "has_recipe": "2024-10-20 03:55:07 +0200"
    },
    "done": true
  },
  "cobblemon:root": {
    "criteria": {
      "picked_starter": "2024-10-20 03:57:59 +0200"
    },
    "done": true
  },
  "naturescompass:natures_compass_sapling": {
    "criteria": {
      "has_recipe": "2024-10-20 03:55:07 +0200"
    },
    "done": true
  },
  "megamons:grant_megamons_guide": {
    "criteria": {
      "tick": "2024-10-20 03:57:59 +0200"
    },
    "done": true
  },
  "cobblepedia:recipes/cobblepedia": {
    "criteria": {
      "has_recipe": "2024-10-20 03:55:07 +0200"
    },
    "done": true
  },
  "cobblemon:craft_all_balls": {
    "criteria": {
      "beast_ball": "2024-10-20 03:57:33 +0200"
    },
    "done": false
  },
  "travelersbackpack:standard_from_custom": {
    "criteria": {
      "has_the_recipe": "2024-10-20 03:55:07 +0200"
    },
    "done": true
  },
  "mca:recipes/building_blocks/headstones": {
    "criteria": {
      "has_the_slanted_recipe": "2024-10-20 03:55:07 +0200"
    },
    "done": true
  },
  "cobblemon:craft_poke_ball": {
    "criteria": {
      "requirement": "2024-10-20 03:57:33 +0200"
    },
    "done": true
  },
  "minecraft:adventure/adventuring_time": {
    "criteria": {
      "minecraft:cherry_grove": "2024-10-20 03:55:36 +0200",
      "minecraft:river": "2024-10-20 03:57:30 +0200",
      "minecraft:meadow": "2024-10-20 03:55:55 +0200"
    },
    "done": false
  },
  "minecraft:story/mine_stone": {
    "criteria": {
      "get_stone": "2024-10-20 03:57:00 +0200"
    },
    "done": true
  },
  "farmersdelight:main/root": {
    "criteria": {
      "seeds": "2024-10-20 03:57:00 +0200"
    },
    "done": true
  },
  "create:root": {
    "criteria": {
      "0": "2024-10-20 03:57:00 +0200"
    },
    "done": true
  },
  "naturescompass:natures_compass_log": {
    "criteria": {
      "has_recipe": "2024-10-20 03:55:07 +0200"
    },
    "done": true
  },
  "cobblepedia:grant_cobblepedia": {
    "criteria": {
      "picked_starter": "2024-10-20 03:57:59 +0200"
    },
    "done": true
  },
  "ironfurnaces:coal": {
    "criteria": {
      "rainbowcoal": "2024-10-20 03:57:00 +0200"
    },
    "done": true
  },
  "DataVersion": 3465
}