{
  "iceandfire:iceandfire/root": {
    "criteria": {
      "tick": "2024-10-19 15:25:11 +0000"
    },
    "done": true
  },
  "idas:idas_root": {
    "criteria": {
      "always": "2024-10-19 15:25:11 +0000"
    },
    "done": true
  },
  "explorerscompass:explorers_compass_cracked_stone_bricks": {
    "criteria": {
      "has_recipe": "2024-10-19 15:25:10 +0000"
    },
    "done": false
  },
  "create:root": {
    "criteria": {
      "0": "2024-10-19 15:25:10 +0000"
    },
    "done": true
  },
  "ironfurnaces:coal": {
    "criteria": {
      "rainbowcoal": "2024-10-19 15:25:10 +0000"
    },
    "done": true
  },
  "mca:recipes/building_blocks/headstones": {
    "criteria": {
      "has_the_upright_recipe": "2024-10-19 15:25:10 +0000",
      "has_the_slanted_recipe": "2024-10-19 15:25:10 +0000",
      "has_the_cross_recipe": "2024-10-19 15:25:10 +0000"
    },
    "done": false
  },
  "minecraft:adventure/adventuring_time": {
    "criteria": {
      "minecraft:dark_forest": "2024-10-19 15:27:57 +0000",
      "minecraft:river": "2024-10-19 15:27:48 +0000",
      "minecraft:jungle": "2024-10-19 15:25:14 +0000"
    },
    "done": false
  },
  "apotheosis:give_book": {
    "criteria": {
      "tick": "2024-10-19 15:25:11 +0000"
    },
    "done": true
  },
  "explorerscompass:explorers_compass_cobweb": {
    "criteria": {
      "has_recipe": "2024-10-19 15:25:10 +0000"
    },
    "done": false
  },
  "seadwellers:adv_root": {
    "criteria": {
      "adv_root": "2024-10-19 15:25:11 +0000"
    },
    "done": true
  },
  "born_in_chaos_v1:bornin_chaos": {
    "criteria": {
      "bornin_chaos_0": "2024-10-19 15:25:11 +0000"
    },
    "done": true
  },
  "apotheosis:spawner/capturing": {
    "criteria": {
      "egg": "2024-10-19 15:28:41 +0000"
    },
    "done": true
  },
  "cataclysm:root": {
    "criteria": {
      "custom_test_name": "2024-10-19 15:25:11 +0000"
    },
    "done": true
  },
  "irons_spellbooks:grant_patchouli": {
    "criteria": {
      "tick": "2024-10-19 15:25:11 +0000"
    },
    "done": true
  },
  "regions_unexplored:parent": {
    "criteria": {
      "load_in_world": "2024-10-19 15:25:14 +0000"
    },
    "done": true
  },
  "explorerscompass:explorers_compass": {
    "criteria": {
      "has_recipe": "2024-10-19 15:25:10 +0000"
    },
    "done": false
  },
  "DataVersion": 3465
}