{
  "cobblemon:any_plant": {
    "criteria": {
      "check_inv": "2024-10-20 02:53:06 +0000"
    },
    "done": true
  },
  "naturescompass:natures_compass": {
    "criteria": {
      "has_recipe": "2024-10-20 02:52:19 +0000"
    },
    "done": true
  },
  "cobblemon:obtain_berry": {
    "criteria": {
      "check_inv": "2024-10-20 03:04:21 +0000"
    },
    "done": true
  },
  "cobblemon:root": {
    "criteria": {
      "picked_starter": "2024-10-20 02:52:46 +0000"
    },
    "done": true
  },
  "naturescompass:natures_compass_sapling": {
    "criteria": {
      "has_recipe": "2024-10-20 02:52:19 +0000"
    },
    "done": true
  },
  "megamons:grant_megamons_guide": {
    "criteria": {
      "tick": "2024-10-20 02:52:46 +0000"
    },
    "done": true
  },
  "cobblepedia:recipes/cobblepedia": {
    "criteria": {
      "has_recipe": "2024-10-20 02:52:19 +0000"
    },
    "done": true
  },
  "minecraft:adventure/sleep_in_bed": {
    "criteria": {
      "slept_in_bed": "2024-10-20 03:16:47 +0000"
    },
    "done": true
  },
  "minecraft:adventure/root": {
    "criteria": {
      "killed_something": "2024-10-20 02:54:53 +0000"
    },
    "done": true
  },
  "minecraft:adventure/kill_all_mobs": {
    "criteria": {
      "minecraft:skeleton": "2024-10-20 03:00:27 +0000",
      "minecraft:zombie": "2024-10-20 02:59:37 +0000"
    },
    "done": false
  },
  "travelersbackpack:standard_from_custom": {
    "criteria": {
      "has_the_recipe": "2024-10-20 02:52:19 +0000"
    },
    "done": true
  },
  "mca:recipes/building_blocks/headstones": {
    "criteria": {
      "has_the_slanted_recipe": "2024-10-20 02:52:19 +0000"
    },
    "done": true
  },
  "cobblemon:obtain_all_berries": {
    "criteria": {
      "obtain_rindo_berry": "2024-10-20 03:04:21 +0000"
    },
    "done": false
  },
  "minecraft:adventure/kill_a_mob": {
    "criteria": {
      "minecraft:zombie": "2024-10-20 02:59:37 +0000"
    },
    "done": true
  },
  "minecraft:adventure/adventuring_time": {
    "criteria": {
      "minecraft:beach": "2024-10-20 03:11:50 +0000",
      "minecraft:sparse_jungle": "2024-10-20 02:52:20 +0000",
      "minecraft:lukewarm_ocean": "2024-10-20 03:11:55 +0000",
      "minecraft:river": "2024-10-20 03:05:34 +0000",
      "minecraft:forest": "2024-10-20 03:05:47 +0000",
      "minecraft:desert": "2024-10-20 03:18:57 +0000",
      "minecraft:savanna": "2024-10-20 03:07:34 +0000",
      "minecraft:plains": "2024-10-20 02:55:03 +0000"
    },
    "done": false
  },
  "minecraft:husbandry/balanced_diet": {
    "criteria": {
      "chicken": "2024-10-20 02:55:50 +0000",
      "cooked_beef": "2024-10-20 02:59:01 +0000",
      "bread": "2024-10-20 03:13:32 +0000"
    },
    "done": false
  },
  "cobblemon:harvest_apricorn": {
    "criteria": {
      "check_inv": "2024-10-20 02:53:06 +0000"
    },
    "done": true
  },
  "minecraft:story/mine_stone": {
    "criteria": {
      "get_stone": "2024-10-20 02:56:45 +0000"
    },
    "done": true
  },
  "minecraft:husbandry/root": {
    "criteria": {
      "consumed_item": "2024-10-20 02:55:50 +0000"
    },
    "done": true
  },
  "farmersdelight:main/root": {
    "criteria": {
      "seeds": "2024-10-20 02:52:46 +0000"
    },
    "done": true
  },
  "create:root": {
    "criteria": {
      "0": "2024-10-20 02:52:46 +0000"
    },
    "done": true
  },
  "naturescompass:natures_compass_log": {
    "criteria": {
      "has_recipe": "2024-10-20 02:52:19 +0000"
    },
    "done": true
  },
  "minecraft:story/upgrade_tools": {
    "criteria": {
      "stone_pickaxe": "2024-10-20 02:57:03 +0000"
    },
    "done": true
  },
  "cobblepedia:grant_cobblepedia": {
    "criteria": {
      "picked_starter": "2024-10-20 02:52:46 +0000"
    },
    "done": true
  },
  "minecraft:story/root": {
    "criteria": {
      "crafting_table": "2024-10-20 02:56:20 +0000"
    },
    "done": true
  },
  "cobblemon:use_candy": {
    "criteria": {
      "use_rare_candy": "2024-10-20 03:06:31 +0000"
    },
    "done": true
  },
  "ironfurnaces:coal": {
    "criteria": {
      "rainbowcoal": "2024-10-20 02:52:46 +0000"
    },
    "done": true
  },
  "DataVersion": 3465
}